-3.819181442260742188e+00,-4.804622009396553040e-02,-4.473064839839935303e-01,-1.073915809392929077e-01,8.341652750968933105e-01,3.906480669975280762e-01,1.576245784759521484e+00,9.960271120071411133e-01,-3.341094255447387695e-01,-5.405730605125427246e-01,-2.657608091831207275e-01,5.628563463687896729e-02,2.847217917442321777e-01,-7.879628539085388184e-01,2.047022342681884766e+00,-3.445449769496917725e-01,1.969710290431976318e-01,-7.595191597938537598e-01,8.586066961288452148e-01,2.377116382122039795e-01,6.820536851882934570e-01,-6.351551972329616547e-03,5.798832178115844727e-01,1.132798671722412109e+00,1.151824355125427246e+00,6.439446806907653809e-01,5.874632000923156738e-01,4.978504478931427002e-01,6.037974357604980469e-01,8.807598948478698730e-01,4.115010499954223633e-01,7.574644088745117188e-01,-2.271985262632369995e-02,-5.103902220726013184e-01,3.726635873317718506e-02,-8.788774013519287109e-01,7.418043613433837891e-01,1.466890931129455566e+00,4.190451502799987793e-01,1.734614491462707520e+00,4.943751692771911621e-01,-2.149245291948318481e-01
-5.807094573974609375e-01,-1.255715966224670410e+00,1.228930279612541199e-01,3.889148533344268799e-01,7.101339101791381836e-01,9.803482890129089355e-01,-2.212117195129394531e+00,3.656560182571411133e-01,1.543822169303894043e+00,1.065245628356933594e+00,6.070234179496765137e-01,-7.494371533393859863e-01,2.013226449489593506e-01,1.312441825866699219e+00,4.734803140163421631e-01,-1.198116660118103027e+00,1.240010380744934082e+00,-8.051730394363403320e-01,-8.374078273773193359e-01,-6.395388245582580566e-01,-1.543389678001403809e+00,-1.105251431465148926e+00,-1.078476190567016602e+00,4.004338085651397705e-01,-1.752933263778686523e+00,-9.510508179664611816e-01,-5.546290278434753418e-01,2.968581020832061768e-01,4.044686555862426758e-01,2.107464075088500977e-01,7.450732588768005371e-01,6.365255117416381836e-01,-2.171063184738159180e+00,-2.202556371688842773e+00,-1.706950187683105469e+00,-1.397394776344299316e+00,-2.278326004743576050e-01,-1.084003925323486328e+00,1.270107179880142212e-01,-9.222527742385864258e-01,-1.916165649890899658e-01,2.047359049320220947e-01
7.558958530426025391e-01,2.965866625308990479e-01,6.492862105369567871e-01,5.709525346755981445e-01,6.192289590835571289e-01,1.089107155799865723e+00,4.745248258113861084e-01,-9.779628515243530273e-01,-3.301027119159698486e-01,1.035400152206420898e+00,8.892281055450439453e-01,7.905387282371520996e-01,3.157824873924255371e-01,2.366384267807006836e-01,4.624603390693664551e-01,7.539420127868652344e-01,1.245143562555313110e-01,1.322086751461029053e-01,-5.342595577239990234e-01,1.026241064071655273e+00,1.357663154602050781e+00,3.767426908016204834e-01,1.117256522178649902e+00,6.896587610244750977e-01,8.192269206047058105e-01,1.103837013244628906e+00,-2.554990053176879883e-01,1.221517443656921387e+00,-3.682091087102890015e-02,-5.891147851943969727e-01,6.263268589973449707e-01,-2.679308652877807617e-01,1.266868948936462402e+00,1.475329756736755371e+00,7.653519511222839355e-01,6.359590888023376465e-01,-4.765569698065519333e-03,2.794080078601837158e-01,1.022019982337951660e-01,8.245451450347900391e-01,4.598576724529266357e-01,1.021801590919494629e+00
-4.975022673606872559e-01,-1.415948569774627686e-01,5.071915388107299805e-01,-3.504885733127593994e-02,-1.125590223819017410e-02,-8.695779442787170410e-01,1.745238341391086578e-02,-1.288789808750152588e-01,7.456554174423217773e-01,-4.233828783035278320e-01,-7.630362510681152344e-01,-1.070978164672851562e+00,-1.994562745094299316e+00,4.094538390636444092e-01,-1.031962752342224121e+00,-4.157565832138061523e-01,-6.497591733932495117e-01,2.651340663433074951e-01,0.000000000000000000e+00,8.459756374359130859e-01,1.205332428216934204e-01,4.538450539112091064e-01,1.256537437438964844e-01,9.890679717063903809e-01,-1.314438730478286743e-01,-2.507649362087249756e-01,-7.355851531028747559e-01,-3.595411479473114014e-01,-3.964979946613311768e-01,-5.200655460357666016e-01,-6.962230801582336426e-01,-5.349225401878356934e-01,-1.729581207036972046e-01,1.187574565410614014e-01,7.130864858627319336e-01,6.592162251472473145e-01,-4.145225882530212402e-02,-1.693540930747985840e+00,0.000000000000000000e+00,-7.516277432441711426e-01,-1.159399032592773438e+00,-1.093106508255004883e+00
3.231833279132843018e-01,1.095594525337219238e+00,2.030722796916961670e-01,-2.733044326305389404e-01,-5.103993415832519531e-01,-1.427340149879455566e+00,1.615367680788040161e-01,4.966610968112945557e-01,8.658433705568313599e-02,-7.936906069517135620e-02,1.061165146529674530e-02,3.421894907951354980e-01,6.592906117439270020e-01,9.933535009622573853e-02,2.369972705841064453e+00,-3.792544901371002197e-01,-5.022671818733215332e-02,-7.350593060255050659e-02,0.000000000000000000e+00,-1.245032548904418945e+00,-2.030926942825317383e+00,-2.128555297851562500e+00,-6.731815338134765625e-01,-3.145570755004882812e-01,-1.729155540466308594e+00,7.179725766181945801e-01,7.516738772392272949e-01,8.071128129959106445e-01,-1.825719326734542847e-01,5.221637487411499023e-01,2.769190967082977295e-01,7.749679684638977051e-01,-1.260725736618041992e+00,-1.616751074790954590e+00,-1.209205031394958496e+00,-1.086552023887634277e+00,-9.193050265312194824e-01,6.974434256553649902e-01,2.751159369945526123e-01,5.296192765235900879e-01,4.634175896644592285e-01,6.812809705734252930e-01
-1.121769428253173828e+00,-7.572671771049499512e-01,-2.225608825683593750e-01,0.000000000000000000e+00,-1.116201400756835938e+00,-8.875823020935058594e-01,-1.550139300525188446e-02,3.820716142654418945e-01,-2.296440124511718750e+00,-1.538378953933715820e+00,-1.759238362312316895e+00,-1.685785293579101562e+00,-7.926492691040039062e-01,-2.044253110885620117e+00,-1.110197067260742188e+00,-1.865437150001525879e+00,-6.547949910163879395e-01,-1.769422769546508789e+00,1.112769365310668945e+00,1.491744518280029297e-01,9.350914359092712402e-01,5.560911297798156738e-01,7.217786908149719238e-01,3.339762389659881592e-01,1.157028675079345703e+00,-4.961848556995391846e-01,3.123618662357330322e-01,-8.335106074810028076e-02,3.530636429786682129e-01,1.676757484674453735e-01,-6.269286870956420898e-01,-2.130399495363235474e-01,-6.495859026908874512e-01,-5.825460553169250488e-01,-7.220737934112548828e-01,-6.016403436660766602e-01,-5.337799191474914551e-01,7.260518074035644531e-01,1.765498667955398560e-01,5.535612106323242188e-01,8.052270412445068359e-01,7.882693409919738770e-01
-3.141439855098724365e-01,-1.837662421166896820e-02,-1.970816105604171753e-01,7.860706448554992676e-01,-2.242684364318847656e+00,-1.064700126647949219e+00,-5.825826525688171387e-01,-2.856820821762084961e-01,-8.530697822570800781e-01,-1.245364427566528320e+00,-6.298280358314514160e-01,4.493382759392261505e-03,6.679443717002868652e-01,-7.616277337074279785e-01,-9.936825037002563477e-01,-5.987484455108642578e-01,-4.362767636775970459e-01,-5.154148936271667480e-01,-6.793295145034790039e-01,-6.406976580619812012e-01,-9.230532646179199219e-01,-1.025320768356323242e+00,-4.237815856933593750e+00,-2.284891366958618164e+00,-7.170031070709228516e-01,-1.016330003738403320e+00,-1.929221391677856445e+00,-1.661460876464843750e+00,6.503120064735412598e-01,6.222693324089050293e-01,-1.130323886871337891e+00,1.225914284586906433e-01,-4.513054788112640381e-01,-5.379983782768249512e-01,-1.301747202873229980e+00,-1.161056160926818848e+00,-1.531448960304260254e+00,-2.835132360458374023e+00,4.008470773696899414e-01,-2.809162616729736328e+00,-2.210139751434326172e+00,3.425669372081756592e-01
1.423473000526428223e+00,-2.493218034505844116e-01,9.620241820812225342e-02,-1.809080014936625957e-03,-8.162145018577575684e-01,6.960084438323974609e-01,1.564753055572509766e+00,9.110068082809448242e-01,-1.103913664817810059e+00,-5.352519154548645020e-01,-4.669278562068939209e-01,8.175629973411560059e-01,8.158399462699890137e-01,-1.363679409027099609e+00,2.831450700759887695e+00,-1.504831075668334961e+00,1.065191030502319336e+00,-5.131226181983947754e-01,9.365109801292419434e-01,-1.756774485111236572e-01,2.220116108655929565e-01,-5.916916728019714355e-01,-5.114637017250061035e-01,2.244126945734024048e-01,1.826724708080291748e-01,-2.205071598291397095e-02,7.097316384315490723e-01,7.140198349952697754e-01,5.389655828475952148e-01,7.428176403045654297e-01,7.788079977035522461e-01,9.166355729103088379e-01,-3.976550102233886719e-01,-8.001074790954589844e-01,-4.594495594501495361e-01,-2.825651168823242188e-01,-8.242844343185424805e-01,1.543132662773132324e+00,4.918149113655090332e-01,3.675486803054809570e+00,2.654471635818481445e+00,1.721039295196533203e+00
1.378141760826110840e+00,8.310033082962036133e-01,-6.607927799224853516e+00,7.621083855628967285e-01,1.619762897491455078e+00,1.164356231689453125e+00,1.115265250205993652e+00,8.577657341957092285e-01,1.199277639389038086e+00,1.705309748649597168e+00,8.814558982849121094e-01,1.501165866851806641e+00,1.757468938827514648e+00,1.299484133720397949e+00,1.109956026077270508e+00,1.014022707939147949e+00,3.239487409591674805e+00,1.488828063011169434e+00,3.557024240493774414e+00,1.536578297615051270e+00,7.639596462249755859e-01,1.720436513423919678e-01,6.860726475715637207e-01,1.576608538627624512e+00,1.492704391479492188e+00,-7.699104547500610352e-01,1.548121809959411621e+00,1.444502830505371094e+00,1.574256300926208496e+00,-4.163586497306823730e-01,1.280386328697204590e+00,7.961942553520202637e-01,9.578405618667602539e-01,0.000000000000000000e+00,0.000000000000000000e+00,1.062887430191040039e+00,2.098216772079467773e+00,2.298815011978149414e+00,0.000000000000000000e+00,1.371967673301696777e+00,1.243518471717834473e+00,-2.219466120004653931e-01
7.123377919197082520e-01,1.297267317771911621e+00,7.427885532379150391e-01,1.201741024851799011e-01,3.397822976112365723e-01,1.587293624877929688e+00,8.195165395736694336e-01,-5.638571977615356445e-01,5.855313539505004883e-01,1.953887045383453369e-01,9.990656375885009766e-01,8.307688236236572266e-01,6.453675627708435059e-01,-6.055742874741554260e-02,1.127721190452575684e+00,8.050159811973571777e-01,3.517241477966308594e-01,2.825029790401458740e-01,7.539865374565124512e-01,-7.312264442443847656e-01,-4.581703543663024902e-01,-9.788526296615600586e-01,-4.228248596191406250e-01,-2.334723435342311859e-02,8.438856601715087891e-01,-7.615047097206115723e-01,6.049104332923889160e-01,1.389588832855224609e+00,1.334251761436462402e+00,1.854834258556365967e-01,1.416673183441162109e+00,1.429763317108154297e+00,-7.933729887008666992e-01,-1.617695569992065430e+00,-6.743153929710388184e-01,-1.556709289550781250e+00,8.203721046447753906e-01,1.430437564849853516e+00,4.027157127857208252e-01,2.317054271697998047e+00,1.065904855728149414e+00,-5.661035701632499695e-02
3.218690752983093262e-01,-1.111384749412536621e+00,2.282235585153102875e-02,-1.298177540302276611e-01,-1.518570065498352051e+00,-3.865110874176025391e-01,-4.030654132366180420e-01,-4.898099601268768311e-01,-1.898123502731323242e+00,2.192078679800033569e-01,1.103019356727600098e+00,1.328857183456420898e+00,1.008767843246459961e+00,4.059175401926040649e-02,-1.660697278566658497e-03,-1.829659223556518555e+00,-6.725452840328216553e-02,-1.695065379142761230e+00,-2.300147861242294312e-01,-1.244688987731933594e+00,3.525718450546264648e-01,2.811064720153808594e-01,-1.550536036491394043e+00,-1.468467593193054199e+00,2.438262850046157837e-01,1.431674957275390625e+00,2.170884013175964355e-01,-1.636153340339660645e+00,-1.194185853004455566e+00,8.248198628425598145e-01,-1.117134809494018555e+00,-1.414367198944091797e+00,-2.156191110610961914e+00,-1.562814593315124512e+00,-1.535992741584777832e+00,-1.920119166374206543e+00,3.089267015457153320e-01,-7.046709060668945312e-01,-7.366018891334533691e-01,-1.632988601922988892e-01,-8.076012730598449707e-01,-4.719153419137001038e-02
-1.156998753547668457e+00,-6.770873814821243286e-02,-8.911268413066864014e-02,2.766669690608978271e-01,-4.915637895464897156e-02,-6.277164220809936523e-01,-8.944723010063171387e-01,-8.114324212074279785e-01,-8.767747133970260620e-02,-3.656481802463531494e-01,-2.974870204925537109e-01,-5.001258254051208496e-01,-1.036997795104980469e+00,-1.833294332027435303e-01,-1.030845999717712402e+00,3.214703798294067383e-01,-1.134820938110351562e+00,1.621439470909535885e-03,6.522424221038818359e-01,1.304038882255554199e+00,-1.156849622726440430e+00,-1.191593170166015625e+00,-9.659768939018249512e-01,9.391933083534240723e-01,-2.590688228607177734e+00,-1.598487377166748047e+00,-8.103054165840148926e-01,7.884953171014785767e-02,-5.562339425086975098e-01,-6.676164269447326660e-01,-6.110510230064392090e-01,-3.396385908126831055e-01,8.732114434242248535e-01,2.039288915693759918e-02,-1.909832283854484558e-02,-7.280730009078979492e-01,5.904594063758850098e-01,-8.640652298927307129e-01,-3.826983273029327393e-01,-1.646255135536193848e+00,-1.314131498336791992e+00,-7.172237038612365723e-01
-4.815976023674011230e-01,2.651197314262390137e-01,1.284187585115432739e-01,-4.078518867492675781e+00,-3.305559158325195312e+00,-2.469880580902099609e+00,-4.520855247974395752e-01,1.244158446788787842e-01,-1.064810037612915039e+00,-1.412416815757751465e+00,5.533434748649597168e-01,1.089417815208435059e+00,1.885652661323547363e+00,6.668480485677719116e-02,-9.434843659400939941e-01,2.957416465505957603e-03,4.958937689661979675e-02,-1.195188984274864197e-01,-4.841731786727905273e-01,-1.834897875785827637e+00,-8.961462378501892090e-01,-7.947657108306884766e-01,-1.458033800125122070e+00,-2.285438537597656250e+00,-9.313188195228576660e-01,-3.975059688091278076e-01,-4.450790286064147949e-01,-8.384514451026916504e-01,-6.031281948089599609e-01,3.810628354549407959e-01,4.547311663627624512e-01,6.889706850051879883e-01,-8.068637251853942871e-01,-9.915596842765808105e-01,-6.966874599456787109e-01,-1.195250749588012695e-01,-1.735955476760864258e+00,-9.623695015907287598e-01,0.000000000000000000e+00,-1.413345098495483398e+00,-4.052909910678863525e-01,-8.210238218307495117e-01
-2.225903123617172241e-01,-3.448968231678009033e-01,2.153378278017044067e-01,0.000000000000000000e+00,8.663471937179565430e-01,9.963605552911758423e-02,3.316844105720520020e-01,-1.118478551506996155e-02,-5.680305957794189453e-01,5.374892428517341614e-02,-5.426815152168273926e-01,-5.445107817649841309e-01,-1.234556660056114197e-01,-7.012266516685485840e-01,3.353063017129898071e-02,-5.786450505256652832e-01,1.226683519780635834e-02,-4.827963113784790039e-01,5.072200298309326172e-01,2.511155903339385986e-01,-4.032044112682342529e-01,-3.360081315040588379e-01,-2.839441597461700439e-01,5.257508754730224609e-01,3.843142986297607422e-01,3.915725741535425186e-03,-1.871893256902694702e-01,6.857089400291442871e-01,5.074888467788696289e-01,-5.686749815940856934e-01,-5.271859839558601379e-02,1.263916045427322388e-01,-3.543213307857513428e-01,3.460283279418945312e-01,-8.712659478187561035e-01,-3.872194588184356689e-01,6.170492768287658691e-01,-1.379756480455398560e-01,1.165930107235908508e-01,-2.490721046924591064e-01,-7.422878742218017578e-01,-8.260045647621154785e-01
2.559905052185058594e-01,-1.093137979507446289e+00,-4.432594776153564453e-01,-5.119976520538330078e+00,6.784789562225341797e-01,8.094003200531005859e-01,9.301151148974895477e-03,2.358303666114807129e-01,8.804370164871215820e-01,-2.989103496074676514e-01,-4.334033727645874023e-01,-4.847044944763183594e-01,-8.481851816177368164e-01,4.534009844064712524e-02,-8.289626240730285645e-02,1.020281314849853516e-01,5.656278729438781738e-01,8.603431284427642822e-02,5.669077858328819275e-02,6.549992561340332031e-01,-5.292254090309143066e-01,-9.714941978454589844e-01,-7.611704468727111816e-01,1.350480556488037109e+00,-1.216860294342041016e+00,-1.605068087577819824e+00,-7.210543751716613770e-01,9.536438584327697754e-01,-5.561878681182861328e-01,-1.730302453041076660e+00,8.927527070045471191e-01,-2.513942420482635498e-01,1.079158902168273926e+00,-2.081154286861419678e-01,-7.400338649749755859e-01,-5.301517248153686523e-01,-6.736980080604553223e-01,-6.701796650886535645e-01,-2.119747877120971680e+00,-1.409959793090820312e-01,-3.142417371273040771e-01,8.828673958778381348e-01
-1.290608048439025879e-01,6.280418634414672852e-01,8.280549049377441406e-01,1.634334176778793335e-01,7.307316660881042480e-01,2.148672565817832947e-02,1.624294817447662354e-01,-5.183429121971130371e-01,2.397049069404602051e-01,-2.652560472488403320e-01,1.968754082918167114e-01,1.567895889282226562e+00,8.857900500297546387e-01,1.113116964697837830e-01,-4.249072670936584473e-01,-1.260425448417663574e+00,-9.606660157442092896e-02,7.098894566297531128e-02,-9.714279770851135254e-01,-1.706843852996826172e+00,-6.503060460090637207e-01,-1.829435527324676514e-01,8.307029008865356445e-01,-2.093005657196044922e+00,-1.691788136959075928e-01,9.013115167617797852e-01,7.070394158363342285e-01,-8.763347268104553223e-01,-3.143832087516784668e-02,2.448003292083740234e-01,7.338044047355651855e-01,3.385763764381408691e-01,-1.146987676620483398e+00,-1.320695132017135620e-01,-4.245968163013458252e-01,-3.090714216232299805e-01,-3.993746936321258545e-01,8.274794369935989380e-02,-1.545031666755676270e-01,-3.053716383874416351e-02,2.957345545291900635e-01,5.833514928817749023e-01
2.113654136657714844e+00,1.351923465728759766e+00,6.453640460968017578e-01,0.000000000000000000e+00,5.172032117843627930e-01,1.654945760965347290e-01,2.283477783203125000e+00,3.057642698287963867e+00,1.403265595436096191e-01,1.235463380813598633e+00,9.107361435890197754e-01,1.303830027580261230e+00,2.966269016265869141e+00,1.018787503242492676e+00,2.509291410446166992e+00,2.832067728042602539e+00,4.203416705131530762e-01,3.109863281250000000e+00,1.697771191596984863e+00,1.732234358787536621e+00,6.306954622268676758e-01,3.662274181842803955e-01,-2.177913635969161987e-01,2.078142404556274414e+00,1.422898292541503906e+00,6.960136294364929199e-01,7.905417680740356445e-01,8.222473859786987305e-01,9.095646142959594727e-01,1.944587349891662598e+00,-9.122789502143859863e-01,1.836813688278198242e-01,2.395778656005859375e+00,2.581075191497802734e+00,2.261233091354370117e+00,2.427580833435058594e+00,-3.134961724281311035e-01,2.632505416870117188e+00,3.240449726581573486e-01,2.070134878158569336e+00,2.169100999832153320e+00,1.963125109672546387e+00
8.856960535049438477e-01,7.757098674774169922e-01,1.782383620738983154e-01,-3.762209892272949219e+00,-1.261023879051208496e+00,5.421357154846191406e-01,2.225220203399658203e+00,3.354697525501251221e-01,1.124864339828491211e+00,-2.771928608417510986e-01,3.762568533420562744e-02,-5.589722990989685059e-01,-7.280723452568054199e-01,6.639099121093750000e-01,-1.627887725830078125e+00,-7.169095873832702637e-01,3.300981819629669189e-01,2.851049900054931641e-01,-3.100824356079101562e-01,2.622216641902923584e-01,-1.365865953266620636e-02,-1.231519103050231934e+00,1.367955446243286133e+00,7.208287119865417480e-01,-1.665264666080474854e-01,-1.181861758232116699e+00,1.429905295372009277e+00,4.057106077671051025e-01,5.634560585021972656e-01,4.831396341323852539e-01,7.075808197259902954e-02,2.543731629848480225e-01,-1.874989420175552368e-01,3.829092979431152344e-01,1.379317194223403931e-01,-3.083092570304870605e-01,-4.833495244383811951e-02,6.460683941841125488e-01,3.392218947410583496e-01,-6.067388057708740234e-01,7.666471600532531738e-01,2.404491007328033447e-01
6.232574582099914551e-01,4.549640417098999023e-01,8.938148021697998047e-01,-1.342927694320678711e+00,1.169369101524353027e+00,-1.821490377187728882e-01,-4.765946865081787109e-01,1.573434174060821533e-01,1.605913400650024414e+00,1.034214735031127930e+00,5.747062563896179199e-01,3.103608489036560059e-01,5.802867412567138672e-01,1.457749724388122559e+00,4.583266004920005798e-02,8.536192774772644043e-01,8.134288191795349121e-01,4.362631142139434814e-01,-4.266526401042938232e-01,-2.261921763420104980e-01,-5.078882575035095215e-01,-5.208416581153869629e-01,1.316541075706481934e+00,1.176869720220565796e-01,-8.143339157104492188e-01,-1.784185916185379028e-01,1.091241598129272461e+00,1.323940873146057129e+00,-6.934767216444015503e-02,-3.959825634956359863e-01,1.550162434577941895e+00,5.449055433273315430e-01,-2.884819507598876953e-01,4.713973775506019592e-02,-1.125377118587493896e-01,7.890827059745788574e-01,4.350602254271507263e-02,-2.597033977508544922e-01,6.666562557220458984e-01,2.063993215560913086e-01,-5.332572460174560547e-01,-9.704333543777465820e-01
-9.676972031593322754e-02,4.720659852027893066e-01,7.298261672258377075e-02,1.203578114509582520e+00,1.561565697193145752e-01,-3.666684329509735107e-01,-1.680619835853576660e+00,-1.801088333129882812e+00,2.698467016220092773e+00,1.932873606681823730e+00,7.840167880058288574e-01,-9.620229154825210571e-02,-9.296764731407165527e-01,2.598438024520874023e+00,-8.192244768142700195e-01,-8.247954845428466797e-01,1.612413883209228516e+00,5.491046234965324402e-03,1.205511927604675293e+00,2.824183106422424316e-01,5.546577572822570801e-01,4.013743698596954346e-01,-7.482762336730957031e-01,-2.046884298324584961e-01,9.397858381271362305e-01,9.911651015281677246e-01,-9.720489978790283203e-01,1.529493182897567749e-01,4.038337469100952148e-01,7.978697866201400757e-02,1.232335437089204788e-02,-1.029301062226295471e-01,9.043148159980773926e-01,4.484110772609710693e-01,-9.689700603485107422e-02,-5.827376842498779297e-01,-5.490987300872802734e-01,-5.973069667816162109e-01,2.492868006229400635e-01,-4.657022356986999512e-01,-6.182242631912231445e-01,6.457890570163726807e-02
-1.451594114303588867e+00,-1.181694507598876953e+00,-6.327186226844787598e-01,-3.389023244380950928e-01,-2.496082186698913574e-01,-1.937051653861999512e+00,-1.436466574668884277e+00,-4.975867867469787598e-01,-2.025011062622070312e+00,-1.784672617912292480e+00,-1.767721414566040039e+00,-1.104727387428283691e+00,-9.419215917587280273e-01,-2.505115985870361328e+00,-6.516442298889160156e-01,-2.788591757416725159e-02,-6.237934231758117676e-01,-7.445608377456665039e-01,-3.302957773208618164e+00,1.830673813819885254e+00,2.514654874801635742e+00,2.310791969299316406e+00,1.820082306861877441e+00,-8.711892366409301758e-01,1.041279196739196777e+00,1.352849125862121582e+00,-2.268557786941528320e+00,-1.769468307495117188e+00,-3.370814800262451172e+00,-2.623217821121215820e+00,-2.790548801422119141e+00,-3.122737646102905273e+00,6.202198863029479980e-01,5.656041502952575684e-01,1.443706870079040527e+00,1.223446652293205261e-01,5.306562781333923340e-01,-1.483561754226684570e+00,-6.125259876251220703e+00,-3.370068371295928955e-01,-1.782155632972717285e+00,-3.016047239303588867e+00
-1.101824268698692322e-01,-6.670073270797729492e-01,-1.450463980436325073e-01,5.560833811759948730e-01,-3.112398833036422729e-02,2.608527541160583496e-01,-1.986628919839859009e-01,-3.785904124379158020e-02,-1.145867586135864258e+00,-9.090915322303771973e-01,-5.776774883270263672e-01,-6.150259971618652344e-01,-4.392224550247192383e-01,-1.603959321975708008e+00,2.671191215515136719e+00,4.663084447383880615e-01,-3.699635565280914307e-01,2.300541102886199951e-01,2.844349145889282227e-01,9.970853924751281738e-01,-5.822736024856567383e-01,1.608820855617523193e-01,-9.892928004264831543e-01,-5.462379455566406250e-01,-1.143769502639770508e+00,-2.154501229524612427e-01,-9.233023524284362793e-01,-8.288446664810180664e-01,-1.667928099632263184e+00,4.031372070312500000e-01,-5.242548584938049316e-01,5.216775462031364441e-03,1.827429682016372681e-01,6.607003211975097656e-01,2.905059158802032471e-01,-1.768313697539269924e-03,-1.600118167698383331e-02,-1.723278164863586426e+00,-3.263896703720092773e-02,9.513437747955322266e-01,1.265495538711547852e+00,1.768643379211425781e+00
1.927854567766189575e-01,-4.686237871646881104e-01,5.505993962287902832e-01,5.750005841255187988e-01,3.831397593021392822e-01,-5.522316694259643555e-01,-5.215489864349365234e-01,9.991257190704345703e-01,2.161392569541931152e-01,-2.082026377320289612e-02,-8.188600540161132812e-01,-6.231511384248733521e-02,5.827071666717529297e-01,-4.319359660148620605e-01,1.005379319190979004e+00,8.189017176628112793e-01,9.267871268093585968e-03,9.874171018600463867e-01,-2.358115911483764648e-01,1.365630149841308594e+00,1.012344717979431152e+00,1.236326694488525391e-01,9.390918612480163574e-01,1.957064151763916016e+00,7.698567509651184082e-01,-2.801523506641387939e-01,4.925433993339538574e-01,4.055925011634826660e-01,3.286317288875579834e-01,-6.648375988006591797e-01,-4.996927082538604736e-01,-9.335050582885742188e-01,1.935725808143615723e+00,1.701536059379577637e+00,1.214044928550720215e+00,1.029168248176574707e+00,5.636823773384094238e-01,5.796786025166511536e-02,-2.956329584121704102e-01,-4.289120674133300781e+00,-2.154750347137451172e+00,-2.499190092086791992e+00
8.361076712608337402e-01,9.168457984924316406e-01,4.566370248794555664e-01,-1.408947825431823730e+00,1.045259118080139160e+00,2.093396186828613281e+00,4.596866071224212646e-01,1.155407547950744629e+00,4.232003986835479736e-01,-6.657570600509643555e-02,-4.584674537181854248e-01,-4.027172029018402100e-01,-2.113570272922515869e-01,-3.120491206645965576e-01,9.893144369125366211e-01,-9.003143906593322754e-01,-4.594273567199707031e-01,-1.638167738914489746e+00,-3.756601214408874512e-01,-1.186415553092956543e+00,-1.103350877761840820e+00,-2.552357614040374756e-01,-3.592971861362457275e-01,-4.134609699249267578e-01,-8.474425077438354492e-01,7.898020744323730469e-02,2.125257104635238647e-01,7.990133166313171387e-01,1.903462558984756470e-01,2.467837780714035034e-01,1.072391510009765625e+00,6.482601761817932129e-01,-1.838656902313232422e+00,-1.835052013397216797e+00,-9.713752865791320801e-01,-6.456840038299560547e-01,1.283575147390365601e-01,8.372476100921630859e-01,3.238872289657592773e-01,4.696963131427764893e-01,1.169087767601013184e+00,6.756716966629028320e-01
5.484643578529357910e-01,-9.994629621505737305e-01,-3.000001311302185059e-01,6.273826360702514648e-01,-2.310158759355545044e-01,-5.111260414123535156e-01,-3.058639466762542725e-01,4.121815860271453857e-01,-3.237629830837249756e-01,1.133554339408874512e+00,9.911845922470092773e-01,5.183673501014709473e-01,9.315623641014099121e-01,7.413742542266845703e-01,-2.297008633613586426e-01,-7.796688377857208252e-02,7.270163893699645996e-01,-1.910070925951004028e-01,8.697058260440826416e-02,5.710635185241699219e-01,-8.410719633102416992e-01,-5.507797002792358398e-01,-1.573907136917114258e+00,9.267268776893615723e-01,-1.223883703351020813e-01,-2.366681247949600220e-01,-4.102933704853057861e-01,-2.314452975988388062e-01,4.499130845069885254e-01,1.018978953361511230e+00,-2.081471085548400879e-01,-9.894455969333648682e-02,-4.263477921485900879e-01,-2.966116666793823242e-01,-1.984844207763671875e-01,-1.406566798686981201e-01,1.199118569493293762e-01,1.660659760236740112e-01,2.534741461277008057e-01,2.717160582542419434e-01,5.510150194168090820e-01,-1.159824654459953308e-01
2.374486923217773438e-01,-5.032718777656555176e-01,1.855801343917846680e-01,5.000029802322387695e-01,-8.493407368659973145e-01,-2.109631896018981934e-01,9.963275492191314697e-02,-8.978148698806762695e-01,4.278512001037597656e-01,4.467103183269500732e-01,6.451458334922790527e-01,1.451484918594360352e+00,9.809697270393371582e-01,1.095274448394775391e+00,-5.711326003074645996e-01,-2.250387191772460938e+00,1.426872014999389648e+00,-1.441668391227722168e+00,-3.836877644062042236e-01,-1.059960603713989258e+00,-9.839704632759094238e-01,-9.451677799224853516e-01,-1.917785286903381348e+00,-8.591403365135192871e-01,-8.683391809463500977e-01,-9.347525835037231445e-01,-6.376879215240478516e-01,5.852684974670410156e-01,9.836180210113525391e-01,-1.473712772130966187e-01,9.349162578582763672e-01,1.120407462120056152e+00,-1.780459165573120117e+00,-1.972939372062683105e+00,-1.762165546417236328e+00,-1.611670255661010742e+00,-1.826402306556701660e+00,-2.742973566055297852e-01,2.192755490541458130e-01,-7.245685458183288574e-01,6.172420978546142578e-01,1.099875926971435547e+00
5.847204923629760742e-01,7.796574234962463379e-01,1.333377808332443237e-01,1.046861648559570312e+00,6.200230494141578674e-02,-6.735273599624633789e-01,-1.398828864097595215e+00,2.430667430162429810e-01,1.808537721633911133e+00,1.319103837013244629e+00,1.742622733116149902e+00,1.671258568763732910e+00,1.350664019584655762e+00,2.417366743087768555e+00,-7.841360569000244141e-01,1.126691818237304688e+00,1.919569373130798340e+00,1.285630822181701660e+00,0.000000000000000000e+00,2.975534275174140930e-02,7.290922999382019043e-01,1.530215859413146973e+00,1.291954159736633301e+00,-6.077703833580017090e-01,8.604522943496704102e-01,1.363357782363891602e+00,3.786429166793823242e-01,-1.980707794427871704e-01,-3.176687061786651611e-01,-2.272742837667465210e-01,1.698606759309768677e-01,-5.331856012344360352e-01,-1.098618209362030029e-01,1.545293331146240234e+00,1.871251344680786133e+00,1.424561023712158203e+00,5.230833888053894043e-01,1.801015377044677734e+00,0.000000000000000000e+00,3.768348097801208496e-01,9.107507467269897461e-01,2.116557806730270386e-01
3.861847519874572754e-01,-9.405775070190429688e-01,-6.132443547248840332e-01,0.000000000000000000e+00,7.026966214179992676e-01,2.952093780040740967e-01,-5.060691833496093750e-01,-1.784864902496337891e+00,4.146268963813781738e-01,1.110365867614746094e+00,9.066748023033142090e-01,2.295201718807220459e-01,-5.472664833068847656e-01,4.782105386257171631e-01,-5.114045739173889160e-01,2.089314311742782593e-01,-3.162962794303894043e-01,-1.020626649260520935e-01,8.766075372695922852e-01,-1.133199334144592285e+00,-1.038717031478881836e+00,-8.486094474792480469e-01,-1.463547587394714355e+00,-5.920932888984680176e-01,-6.638255119323730469e-01,-1.314041852951049805e+00,-5.639546513557434082e-01,7.573205828666687012e-01,4.358216524124145508e-01,-1.304071694612503052e-01,6.582591533660888672e-01,1.903880760073661804e-02,-4.033605568110942841e-03,-4.494566619396209717e-01,-4.336572587490081787e-01,-5.310827493667602539e-01,-2.231544703245162964e-01,-1.962518990039825439e-01,1.131227687001228333e-01,3.386403620243072510e-02,-9.642409682273864746e-01,-7.537431716918945312e-01
-6.459299325942993164e-01,-2.807506561279296875e+00,-3.400317728519439697e-01,-9.380944073200225830e-02,-1.752988815307617188e+00,-1.696182787418365479e-01,3.899956047534942627e-01,7.440892457962036133e-01,-1.828187584877014160e+00,-2.716557741165161133e+00,-2.886262416839599609e+00,-1.707588195800781250e+00,-1.103788137435913086e+00,-2.589795351028442383e+00,4.990926757454872131e-02,-9.478834271430969238e-01,-2.603101015090942383e+00,-2.311017036437988281e+00,0.000000000000000000e+00,2.039791345596313477e+00,3.203573942184448242e+00,2.115755081176757812e+00,1.469220995903015137e+00,6.171207875013351440e-02,9.070058465003967285e-01,-1.287099361419677734e+00,-3.608409404754638672e+00,-4.400732040405273438e+00,-4.881705284118652344e+00,-4.641431331634521484e+00,-4.595435619354248047e+00,-4.998296737670898438e+00,3.737385272979736328e-01,1.001899838447570801e+00,7.622745633125305176e-01,-2.508472800254821777e-01,2.929789543151855469e+00,-2.547727346420288086e+00,0.000000000000000000e+00,-1.438026428222656250e+00,7.265152931213378906e-01,3.126258254051208496e-01
2.076453715562820435e-01,-2.834401130676269531e-01,-3.732237219810485840e-01,6.663995236158370972e-02,1.286004781723022461e-01,7.751358747482299805e-01,-2.223530709743499756e-01,-1.108060121536254883e+00,9.722025990486145020e-01,7.426316738128662109e-01,1.209365367889404297e+00,4.851157367229461670e-01,-1.833450198173522949e-01,8.359944820404052734e-01,-6.051650047302246094e-01,7.053697109222412109e-01,2.473428696393966675e-01,7.166489362716674805e-01,-6.867787986993789673e-02,-2.678949236869812012e-01,1.945870369672775269e-01,1.367539763450622559e+00,1.828515082597732544e-01,1.540554463863372803e-01,6.374122500419616699e-01,1.502745628356933594e+00,-8.488735556602478027e-01,-1.254720985889434814e-02,3.786129951477050781e-01,1.085109859704971313e-01,3.222630023956298828e-01,-1.616042293608188629e-02,2.977299690246582031e-01,1.152823448181152344e+00,8.969278931617736816e-01,1.217449426651000977e+00,-6.545733194798231125e-03,2.526553869247436523e-01,2.935693860054016113e-01,4.567066207528114319e-02,1.082096934318542480e+00,1.742416739463806152e+00
-1.681251078844070435e-01,1.243308335542678833e-01,-4.285401701927185059e-01,3.542661070823669434e-01,5.899473428726196289e-01,-3.487896323204040527e-01,-9.139910340309143066e-01,-1.188112735748291016e+00,1.193407773971557617e+00,8.203553557395935059e-01,4.926343560218811035e-01,6.988270580768585205e-02,1.864828169345855713e-01,1.208374619483947754e+00,-6.822012662887573242e-01,4.630529582500457764e-01,-2.315577119588851929e-02,4.169110059738159180e-01,-1.062516689300537109e+00,-8.369376063346862793e-01,-1.538678884506225586e+00,-9.384934902191162109e-01,-1.591450095176696777e+00,-2.406226992607116699e-01,-1.200807332992553711e+00,-6.935885548591613770e-01,-5.502841472625732422e-01,2.405878752470016479e-01,2.734952270984649658e-01,1.034445464611053467e-01,2.615166604518890381e-01,1.139787882566452026e-01,-4.943759143352508545e-01,-1.126743316650390625e+00,-4.064279794692993164e-01,-6.890102624893188477e-01,5.664739012718200684e-01,-3.772149682044982910e-01,1.471416056156158447e-01,1.741788908839225769e-02,-7.356477975845336914e-01,-1.413717269897460938e+00
-1.052069664001464844e+00,5.718901157379150391e-01,5.151728987693786621e-01,2.347502261400222778e-01,3.268092274665832520e-01,5.223110914230346680e-01,-2.135768085718154907e-01,-5.505430102348327637e-01,-1.959858983755111694e-01,-2.837767004966735840e-01,3.250639736652374268e-01,1.901312619447708130e-01,-6.271480321884155273e-01,-2.693109214305877686e-01,-1.205889344215393066e+00,2.773145675659179688e+00,-1.848980665206909180e+00,1.782760024070739746e+00,-3.918254971504211426e-01,-1.099696159362792969e+00,-8.988872170448303223e-01,-1.807225942611694336e-01,-3.975677490234375000e-01,-1.425216674804687500e+00,-4.778126180171966553e-01,1.094853758811950684e+00,-4.713782370090484619e-01,-1.184538006782531738e+00,-9.001126140356063843e-02,1.321759462356567383e+00,-9.802253842353820801e-01,-6.299293637275695801e-01,2.304711788892745972e-01,1.228392243385314941e+00,1.832627892494201660e+00,1.628968238830566406e+00,-6.194720268249511719e-01,-1.236374616622924805e+00,1.621985435485839844e-01,-2.737855315208435059e-01,-1.207009553909301758e+00,-1.709243416786193848e+00
-5.747918486595153809e-01,7.247824668884277344e-01,4.029968976974487305e-01,0.000000000000000000e+00,-2.435496309772133827e-03,8.293073177337646484e-01,1.444277167320251465e-01,-2.100217342376708984e+00,6.359944939613342285e-01,7.513099312782287598e-01,9.227454066276550293e-01,-1.167366281151771545e-01,8.180144429206848145e-02,3.793636858463287354e-01,4.647955596446990967e-01,8.468002080917358398e-01,7.362354993820190430e-01,7.144202589988708496e-01,-3.343251645565032959e-01,-6.103719472885131836e-01,-3.587488085031509399e-02,-8.223345279693603516e-01,7.530599236488342285e-01,-7.964627146720886230e-01,3.134313821792602539e-01,8.300719261169433594e-01,1.288703680038452148e+00,-9.028766304254531860e-02,1.415982544422149658e-01,1.812930256128311157e-01,9.414751529693603516e-01,3.081335723400115967e-01,1.109264135360717773e+00,5.127153396606445312e-01,-2.849809229373931885e-01,5.362968519330024719e-02,-2.715644836425781250e+00,-5.142270326614379883e-01,1.883525997400283813e-01,7.370764613151550293e-01,-3.528531789779663086e-01,-6.129589080810546875e-01
3.773582577705383301e-01,1.671035408973693848e+00,6.574067473411560059e-01,9.112450480461120605e-01,-8.597246408462524414e-01,9.134063720703125000e-01,6.808006167411804199e-01,-2.447346597909927368e-02,1.614249706268310547e+00,-2.783142328262329102e-01,4.963248968124389648e-01,1.166052579879760742e+00,6.253886222839355469e-01,6.314532756805419922e-01,-3.116202950477600098e-01,2.588346898555755615e-01,1.204327225685119629e+00,6.612265110015869141e-01,4.953781366348266602e-01,-1.189348816871643066e+00,-1.103551149368286133e+00,3.812887668609619141e-01,-1.466267347335815430e+00,-8.357779979705810547e-01,-1.014895677566528320e+00,4.528330564498901367e-01,-8.080532550811767578e-01,6.404861807823181152e-01,1.052647948265075684e+00,1.270877838134765625e+00,7.488970160484313965e-01,1.013272285461425781e+00,-2.433672398328781128e-01,-4.498587250709533691e-01,-4.235979318618774414e-01,1.892684251070022583e-01,-6.445940136909484863e-01,2.084614038467407227e-01,3.660184741020202637e-01,7.197952866554260254e-01,8.441650867462158203e-01,5.379337072372436523e-01
2.249499261379241943e-01,-8.880105018615722656e-01,-3.781141936779022217e-01,-2.478994846343994141e+00,2.833395898342132568e-01,2.864557027816772461e+00,-1.486009478569030762e+00,-1.025107979774475098e+00,7.550434470176696777e-01,1.802050828933715820e+00,1.862376809120178223e+00,-7.983090728521347046e-02,-6.372249126434326172e-01,1.125974059104919434e+00,-1.394135504961013794e-01,-3.099825605750083923e-02,2.074933767318725586e+00,4.295729100704193115e-01,1.766782104969024658e-01,-8.059623837471008301e-01,-9.138900637626647949e-01,-4.219740331172943115e-01,2.260560840368270874e-01,-1.144804596900939941e+00,-8.060286641120910645e-01,1.539441198110580444e-01,1.320600211620330811e-01,4.273726418614387512e-02,3.407094776630401611e-01,5.084137320518493652e-01,7.954972982406616211e-01,1.253235578536987305e+00,-3.474780321121215820e-01,-1.285033464431762695e+00,-7.119553685188293457e-01,3.326537311077117920e-01,4.069116711616516113e-01,3.640961647033691406e-01,5.175311565399169922e-01,-9.948444366455078125e-01,-4.137615263462066650e-01,5.397638082504272461e-01
8.627587556838989258e-01,3.692947328090667725e-01,2.243597954511642456e-01,0.000000000000000000e+00,1.769171953201293945e+00,1.012261152267456055e+00,-1.457955390214920044e-01,-3.421755433082580566e-01,-3.266853094100952148e-01,3.974855840206146240e-01,-1.453574839979410172e-02,-9.236689209938049316e-01,-9.543462395668029785e-01,-5.554156303405761719e-01,-5.940203368663787842e-02,-6.522294282913208008e-01,-4.162099584937095642e-02,-6.479638218879699707e-01,3.760985434055328369e-01,1.483329296112060547e+00,2.246842622756958008e+00,7.734066247940063477e-01,1.727171540260314941e+00,1.069527506828308105e+00,2.472040176391601562e+00,2.880139112472534180e+00,2.597472190856933594e+00,-3.411100506782531738e-01,-3.527917861938476562e-01,-3.246788680553436279e-01,-1.211805224418640137e+00,-1.173713564872741699e+00,4.020273387432098389e-01,1.142414927482604980e+00,4.230141341686248779e-01,-2.878820598125457764e-01,-5.826941728591918945e-01,4.108422696590423584e-01,1.690314114093780518e-01,8.745442628860473633e-01,3.005010783672332764e-01,-4.458974003791809082e-01
-7.192929834127426147e-02,1.868559867143630981e-01,8.996745198965072632e-02,2.991048432886600494e-02,-3.782237470149993896e-01,-1.416018456220626831e-01,-1.558053642511367798e-01,3.241417109966278076e-01,-5.842356085777282715e-01,-4.115965366363525391e-01,3.168037235736846924e-01,4.926557242870330811e-01,4.379373788833618164e-01,-3.338927030563354492e-01,-5.640759468078613281e-01,1.566467136144638062e-01,1.783587187528610229e-01,2.397859543561935425e-01,0.000000000000000000e+00,-7.699555158615112305e-01,-7.187176942825317383e-01,-5.721800923347473145e-01,1.554374843835830688e-01,5.930852517485618591e-02,9.034516662359237671e-02,-4.789332151412963867e-01,1.762825995683670044e-01,3.766062259674072266e-01,5.792449712753295898e-01,-4.887475669384002686e-01,2.662262320518493652e-01,4.421106278896331787e-01,-4.756025075912475586e-01,-5.826696157455444336e-01,-6.026865839958190918e-01,-3.857602179050445557e-01,4.119859933853149414e-01,-5.101233720779418945e-01,0.000000000000000000e+00,-2.467574626207351685e-01,-1.100717663764953613e+00,-1.574959635734558105e+00
7.646772265434265137e-01,-8.968692421913146973e-01,-5.078824162483215332e-01,3.449951410293579102e-01,2.246578454971313477e+00,-7.156825065612792969e-01,-2.186601400375366211e+00,-1.179381847381591797e+00,6.225740313529968262e-01,1.083962321281433105e+00,-7.031373977661132812e-01,-1.805994987487792969e+00,-1.477711796760559082e+00,-5.310018733143806458e-02,1.432100087404251099e-01,-1.331043839454650879e+00,3.551678955554962158e-01,-6.275264024734497070e-01,-5.000276565551757812e-01,1.993313074111938477e+00,7.383239865303039551e-01,-8.437359333038330078e-01,-1.531565070152282715e+00,7.816882729530334473e-01,1.212701320648193359e+00,-4.090983271598815918e-01,-1.182948276400566101e-01,3.056834936141967773e-01,4.761189818382263184e-01,-4.000258445739746094e-01,-4.233024418354034424e-01,-3.947408497333526611e-01,5.427612662315368652e-01,-2.548707127571105957e-01,-1.478671193122863770e+00,-1.715924024581909180e+00,2.624352216720581055e+00,1.652457863092422485e-01,2.710406482219696045e-01,-1.922538280487060547e-01,-3.330940723419189453e+00,1.381733864545822144e-01
-4.150958657264709473e-01,-1.116495728492736816e+00,-5.106350779533386230e-01,1.388950347900390625e-01,-1.559767365455627441e+00,2.148672565817832947e-02,1.763632893562316895e-01,2.027008831501007080e-01,-3.189530968666076660e-01,-7.603724002838134766e-01,-2.361505292356014252e-02,5.502496361732482910e-01,-6.286660581827163696e-02,-6.545640230178833008e-01,-9.576914906501770020e-01,-7.307469844818115234e-01,-1.398910135030746460e-01,-6.308459639549255371e-01,0.000000000000000000e+00,-1.153241634368896484e+00,-3.833965957164764404e-01,3.059778213500976562e-01,-2.574363052845001221e-01,-6.294259428977966309e-01,-3.833692073822021484e-01,9.882902354001998901e-02,-5.364498496055603027e-01,3.639718592166900635e-01,-5.128592252731323242e-01,-5.571818947792053223e-01,5.925264358520507812e-01,8.045998960733413696e-02,2.090505808591842651e-01,-3.885021209716796875e-01,-4.268209263682365417e-02,2.655876576900482178e-01,-1.342706203460693359e+00,-1.208248615264892578e+00,0.000000000000000000e+00,-4.973145425319671631e-01,-6.577356457710266113e-01,3.364612758159637451e-01
6.330509185791015625e-01,7.402601838111877441e-01,2.030907422304153442e-01,0.000000000000000000e+00,-1.271590352058410645e+00,-1.669016003608703613e+00,1.173973202705383301e+00,1.482535362243652344e+00,-5.263656377792358398e-01,-1.494145989418029785e+00,-9.572555422782897949e-01,1.711288988590240479e-01,4.185405373573303223e-01,-5.757425427436828613e-01,3.827025890350341797e-01,-7.211594581604003906e-01,-3.968146443367004395e-01,-6.263828873634338379e-01,0.000000000000000000e+00,-7.272882014513015747e-02,-3.095142245292663574e-01,-1.845936655998229980e+00,5.408977270126342773e-01,3.140314221382141113e-01,-8.906534910202026367e-01,-3.724708855152130127e-01,1.196679949760437012e+00,2.624629437923431396e-01,-2.280689328908920288e-01,-2.453147768974304199e-01,1.085413813591003418e+00,5.076922178268432617e-01,-1.764400750398635864e-01,-5.105987787246704102e-01,-9.750875830650329590e-01,-4.807333350181579590e-01,6.194816827774047852e-01,-2.140076905488967896e-01,1.884121894836425781e-01,4.289443138986825943e-03,5.430766344070434570e-01,1.166463017463684082e+00
-7.212931513786315918e-01,-1.230099439620971680e+00,-2.310906723141670227e-02,5.937989354133605957e-01,-3.205788731575012207e-01,-8.362745046615600586e-01,-6.561830043792724609e-01,-7.444434165954589844e-01,-1.196354508399963379e+00,-1.061896324157714844e+00,-9.434437155723571777e-01,-8.842428326606750488e-01,-1.261408329010009766e+00,-1.541644573211669922e+00,-3.419676542282104492e+00,-1.294112086296081543e+00,-2.044495820999145508e+00,-1.229517698287963867e+00,-2.887428998947143555e-01,6.385535001754760742e-01,7.140233516693115234e-01,1.106920957565307617e+00,2.285747677087783813e-01,7.075818777084350586e-01,6.111961007118225098e-01,-1.378790736198425293e-01,1.888098753988742828e-02,6.043423414230346680e-01,-5.944134667515754700e-02,-5.104724764823913574e-01,3.194335103034973145e-01,5.575508624315261841e-02,1.910808563232421875e+00,1.121342658996582031e+00,4.049125909805297852e-01,7.625877261161804199e-01,-1.546408057212829590e+00,2.271164357662200928e-01,1.558429896831512451e-01,3.017358183860778809e-01,5.605192109942436218e-02,6.338977813720703125e-01
4.247301816940307617e-01,4.424013495445251465e-01,5.298296809196472168e-01,7.964067459106445312e-01,7.699280381202697754e-01,1.265530586242675781e+00,9.114093184471130371e-01,1.763014122843742371e-02,-5.148907899856567383e-01,-9.009683728218078613e-01,-1.398615241050720215e+00,-1.032344579696655273e+00,-1.061434268951416016e+00,-1.215232610702514648e+00,7.812637090682983398e-01,-4.839496314525604248e-01,-1.315055489540100098e+00,-1.158451199531555176e+00,3.151983320713043213e-01,-3.440969288349151611e-01,1.555017381906509399e-01,2.600667953491210938e+00,1.514322519302368164e+00,-3.681661784648895264e-01,1.136817932128906250e-01,-4.802951514720916748e-01,2.711880207061767578e-01,2.420132793486118317e-02,1.257629245519638062e-01,-1.819038242101669312e-01,5.963084101676940918e-01,4.559845626354217529e-01,-1.928802728652954102e-01,-1.039440855383872986e-01,-1.861246824264526367e-01,1.293373823165893555e+00,6.396042108535766602e-01,2.168057560920715332e-01,1.666567623615264893e-01,8.152533769607543945e-01,4.210248291492462158e-01,5.935819745063781738e-01
3.295138478279113770e-01,9.318102151155471802e-02,3.726547062397003174e-01,4.778079316020011902e-02,-2.113058865070343018e-01,-1.918218880891799927e-01,5.499534010887145996e-01,-2.945595085620880127e-01,-5.203639864921569824e-01,-1.317172408103942871e+00,-1.677537560462951660e+00,-8.447184562683105469e-01,-6.000024676322937012e-01,-8.390142917633056641e-01,-6.186472177505493164e-01,-1.117928862571716309e+00,-4.424113333225250244e-01,-1.030574679374694824e+00,-9.789342284202575684e-01,-2.973309457302093506e-01,4.309233278036117554e-02,-7.124068737030029297e-01,-2.992624975740909576e-02,1.748255640268325806e-01,-7.965238094329833984e-01,1.157622337341308594e-01,2.289277464151382446e-01,2.078163810074329376e-02,-2.750332057476043701e-01,-6.125398278236389160e-01,7.398131489753723145e-01,4.296677410602569580e-01,-1.004495263099670410e+00,-1.084936976432800293e+00,-9.486522674560546875e-01,-1.878209590911865234e+00,-7.801279425621032715e-01,-1.202241301536560059e+00,7.623148709535598755e-02,-1.051126599311828613e+00,3.003191947937011719e-01,1.004909873008728027e+00
1.345192193984985352e+00,-1.751884967088699341e-01,4.338280856609344482e-01,1.513453274965286255e-01,3.543379604816436768e-01,-9.438595175743103027e-02,5.934212207794189453e-01,1.547858417034149170e-01,-4.345099627971649170e-01,-1.871065050363540649e-01,-1.921118646860122681e-01,-5.971525311470031738e-01,-6.154004335403442383e-01,-3.189997971057891846e-01,5.701147913932800293e-01,7.511928081512451172e-01,1.780031025409698486e-01,-7.624125480651855469e-02,1.142643298953771591e-02,5.759630799293518066e-01,2.045454382896423340e-01,-7.885330319404602051e-01,1.012919619679450989e-01,1.278032660484313965e+00,-9.621744975447654724e-03,1.971104592084884644e-01,8.168843984603881836e-01,7.340954542160034180e-01,4.905533790588378906e-01,-2.484060972929000854e-01,3.711363971233367920e-01,1.555957794189453125e-01,8.193933963775634766e-01,6.110868453979492188e-01,8.727455884218215942e-02,-3.692294359207153320e-01,-1.129397377371788025e-02,2.568527758121490479e-01,1.782610714435577393e-01,7.614435255527496338e-02,4.850853383541107178e-01,-3.085949718952178955e-01
6.562452018260955811e-02,-1.573244184255599976e-01,1.660351455211639404e-01,0.000000000000000000e+00,1.029055237770080566e+00,8.395249247550964355e-01,-1.333252787590026855e+00,8.824899792671203613e-01,1.354886531829833984e+00,5.016803741455078125e-01,-3.349588066339492798e-02,-6.272429227828979492e-01,-1.584829449653625488e+00,8.992789387702941895e-01,5.943650007247924805e-02,3.038523495197296143e-01,3.020567893981933594e-01,4.896770715713500977e-01,-6.873866915702819824e-01,2.237027138471603394e-01,1.495040357112884521e-01,-1.190709471702575684e+00,-7.467256188392639160e-01,4.045244157314300537e-01,8.212673664093017578e-01,9.694939255714416504e-01,5.117642283439636230e-01,-3.294010758399963379e-01,6.914521455764770508e-01,8.543750047683715820e-01,-5.383569002151489258e-01,-1.738394424319267273e-02,3.571512103080749512e-01,4.480026364326477051e-01,-5.360858887434005737e-02,-1.144137620925903320e+00,4.223738610744476318e-01,1.384638398885726929e-01,1.177827566862106323e-01,-5.352261066436767578e-01,-5.642774701118469238e-01,-1.096380114555358887e+00
-5.121228098869323730e-01,1.590716093778610229e-01,-4.259986579418182373e-01,-2.601532936096191406e-01,4.645459651947021484e-01,-6.154471039772033691e-01,-1.845843434333801270e+00,-4.952080175280570984e-02,4.365938901901245117e-01,-9.026556015014648438e-01,-1.412358283996582031e+00,-1.922577857971191406e+00,-1.042413473129272461e+00,1.196100562810897827e-02,-9.832085371017456055e-01,-5.941932797431945801e-01,-1.738898634910583496e+00,-5.631254315376281738e-01,0.000000000000000000e+00,-1.443287432193756104e-01,-9.914779663085937500e-01,-6.790555715560913086e-01,-1.515457481145858765e-01,-1.885160207748413086e-01,-1.474098920822143555e+00,-1.714880228042602539e+00,9.681626558303833008e-01,-2.481601536273956299e-01,-3.759285509586334229e-01,-2.997917532920837402e-01,-3.572894334793090820e-01,1.709791868925094604e-01,-1.107678532600402832e+00,-7.336096167564392090e-01,-6.755113005638122559e-01,4.044985175132751465e-01,-1.262442469596862793e+00,-1.531233549118041992e+00,0.000000000000000000e+00,-8.713188171386718750e-01,-1.038632869720458984e+00,-7.914325594902038574e-01
1.524200320243835449e+00,2.100865244865417480e-01,4.645966291427612305e-01,2.930324971675872803e-01,5.431689620018005371e-01,5.822950005531311035e-01,1.002057433128356934e+00,1.254597067832946777e+00,-6.549329161643981934e-01,9.967952966690063477e-02,-1.717477142810821533e-01,-5.711027383804321289e-01,8.997441530227661133e-01,-5.712864995002746582e-01,1.171036601066589355e+00,-1.154879093170166016e+00,7.226917892694473267e-02,-1.187062263488769531e+00,0.000000000000000000e+00,1.805375814437866211e-01,5.366559699177742004e-02,-1.822213530540466309e-01,-3.233967348933219910e-02,3.113695681095123291e-01,2.865810990333557129e-01,-1.877643913030624390e-01,9.208709001541137695e-01,3.386738002300262451e-01,2.346732318401336670e-01,-2.768682241439819336e-01,5.632339715957641602e-01,5.327392220497131348e-01,-7.148939371109008789e-01,-9.879910349845886230e-01,-1.140181541442871094e+00,-5.514024496078491211e-01,-3.301228284835815430e-01,1.040278792381286621e+00,0.000000000000000000e+00,8.330337405204772949e-01,-3.635770380496978760e-01,-7.426429390907287598e-01
-1.143706440925598145e+00,-4.969531893730163574e-01,-7.163907885551452637e-01,-8.895466476678848267e-02,-2.020351648330688477e+00,-6.269803643226623535e-01,1.809900701045989990e-01,-1.459054499864578247e-01,-2.740728259086608887e-01,-6.121616959571838379e-01,6.860397458076477051e-01,1.631087303161621094e+00,1.617177486419677734e+00,3.777865469455718994e-01,-1.282898336648941040e-01,1.020343661308288574e+00,6.199092864990234375e-01,8.036236763000488281e-01,-1.082600727677345276e-01,-1.363740086555480957e+00,-3.458350002765655518e-01,9.832178950309753418e-01,7.270404100418090820e-01,-1.614359498023986816e+00,5.856202840805053711e-01,1.663834333419799805e+00,2.378234267234802246e-01,-1.468104362487792969e+00,6.228768080472946167e-02,1.055204153060913086e+00,-6.654577255249023438e-01,-5.766194462776184082e-01,-1.313542127609252930e+00,9.538149833679199219e-02,1.177276253700256348e+00,1.042300105094909668e+00,-4.463917016983032227e-01,-4.765494167804718018e-01,1.510101705789566040e-01,-1.496177762746810913e-01,7.388010621070861816e-01,8.918670415878295898e-01
1.538379490375518799e-01,1.254147410392761230e+00,5.444308519363403320e-01,5.437448024749755859e-01,-8.289242982864379883e-01,9.294230937957763672e-01,3.735653162002563477e-01,1.473337292671203613e+00,4.025774598121643066e-01,-3.156354278326034546e-02,8.301367163658142090e-01,5.436281561851501465e-01,1.709676384925842285e+00,5.434986948966979980e-02,1.047836244106292725e-01,9.030640721321105957e-01,-1.110984832048416138e-01,6.229755878448486328e-01,0.000000000000000000e+00,-1.035110950469970703e+00,-1.977982521057128906e-01,-1.180868074297904968e-01,-6.237158551812171936e-02,-8.630251288414001465e-01,3.606867790222167969e-02,5.021295547485351562e-01,6.072484254837036133e-01,-3.406838178634643555e-01,8.680799007415771484e-01,1.093433260917663574e+00,-3.485858142375946045e-01,4.963725805282592773e-01,-6.803943961858749390e-02,-2.941010892391204834e-02,-4.774770513176918030e-02,2.842305414378643036e-02,-1.022362828254699707e+00,4.364202022552490234e-01,0.000000000000000000e+00,3.291349411010742188e-01,1.175318837165832520e+00,1.703820109367370605e+00
2.788345515727996826e-01,9.516647458076477051e-02,5.404999256134033203e-01,6.405337899923324585e-02,-1.383276283740997314e-01,3.618124425411224365e-01,2.303229421377182007e-01,1.158851623535156250e+00,2.197054326534271240e-01,-2.218441665172576904e-01,-5.957477688789367676e-01,-5.100039243698120117e-01,-8.285914063453674316e-01,8.981569856405258179e-02,1.865825057029724121e-01,-6.359453201293945312e-01,-7.083299756050109863e-01,-6.150477528572082520e-01,0.000000000000000000e+00,2.680977880954742432e-01,-3.271899223327636719e-01,-6.097828149795532227e-01,-1.049571752548217773e+00,5.895666480064392090e-01,-8.213025927543640137e-01,-1.347921490669250488e+00,-3.942917287349700928e-01,2.681186497211456299e-01,-3.097679913043975830e-01,3.635112345218658447e-01,1.891247481107711792e-01,4.183464944362640381e-01,-9.995265007019042969e-01,0.000000000000000000e+00,-4.532966315746307373e-01,-3.595533370971679688e-01,-5.533472076058387756e-02,-2.127718031406402588e-01,0.000000000000000000e+00,8.120265603065490723e-02,-3.142743706703186035e-01,-7.473975419998168945e-01
-3.942333221435546875e+00,-3.031469345092773438e+00,-1.401818394660949707e+00,-1.010633945465087891e+00,9.006982296705245972e-02,-1.167782783508300781e+00,9.975748658180236816e-01,8.239516019821166992e-01,-8.967480063438415527e-02,-8.831707835197448730e-01,-9.887576699256896973e-01,-4.628981351852416992e-01,1.020380407571792603e-01,-8.139002323150634766e-01,1.905356347560882568e-01,-3.397637605667114258e-01,6.031646132469177246e-01,-4.856800436973571777e-01,0.000000000000000000e+00,5.688781142234802246e-01,7.922201752662658691e-01,6.452485918998718262e-01,5.218000411987304688e-01,1.263828396797180176e+00,3.361706435680389404e-01,-1.964032277464866638e-02,4.443902671337127686e-01,1.117594838142395020e+00,1.132557094097137451e-01,2.833223938941955566e-01,5.145455002784729004e-01,4.047311842441558838e-01,1.356587111949920654e-01,4.272412657737731934e-01,1.354243457317352295e-01,-2.690743468701839447e-02,4.443229734897613525e-01,7.046822309494018555e-01,0.000000000000000000e+00,6.855389475822448730e-01,3.515972197055816650e-01,1.692190319299697876e-01
0.000000000000000000e+00,0.000000000000000000e+00,0.000000000000000000e+00,0.000000000000000000e+00,0.000000000000000000e+00,0.000000000000000000e+00,0.000000000000000000e+00,0.000000000000000000e+00,0.000000000000000000e+00,0.000000000000000000e+00,0.000000000000000000e+00,0.000000000000000000e+00,0.000000000000000000e+00,0.000000000000000000e+00,0.000000000000000000e+00,0.000000000000000000e+00,0.000000000000000000e+00,0.000000000000000000e+00,0.000000000000000000e+00,0.000000000000000000e+00,0.000000000000000000e+00,0.000000000000000000e+00,0.000000000000000000e+00,0.000000000000000000e+00,0.000000000000000000e+00,0.000000000000000000e+00,0.000000000000000000e+00,0.000000000000000000e+00,0.000000000000000000e+00,0.000000000000000000e+00,0.000000000000000000e+00,0.000000000000000000e+00,0.000000000000000000e+00,0.000000000000000000e+00,0.000000000000000000e+00,0.000000000000000000e+00,0.000000000000000000e+00,0.000000000000000000e+00,0.000000000000000000e+00,0.000000000000000000e+00,0.000000000000000000e+00,0.000000000000000000e+00
-4.522258639335632324e-01,6.820350289344787598e-01,4.424488246440887451e-01,4.974882304668426514e-01,1.207135200500488281e+00,1.410044789314270020e+00,-3.722111284732818604e-01,-3.558849394321441650e-01,9.287489056587219238e-01,6.445125937461853027e-01,1.199907995760440826e-02,-9.869004487991333008e-01,-3.907464742660522461e-01,5.258111953735351562e-01,6.014359593391418457e-01,-3.561738505959510803e-02,7.482500076293945312e-01,3.173484504222869873e-01,4.884915947914123535e-01,2.712315022945404053e-01,4.018801152706146240e-01,2.042808294296264648e+00,1.551170468330383301e+00,-4.349867254495620728e-02,5.632904171943664551e-01,4.921302795410156250e-01,6.343296766281127930e-01,7.370396852493286133e-01,6.141703724861145020e-01,4.940986633300781250e-01,5.892878770828247070e-01,3.747265636920928955e-01,6.992506980895996094e-02,4.594555124640464783e-02,2.854688465595245361e-01,2.437014341354370117e+00,4.758882522583007812e-01,7.461869120597839355e-01,2.616029083728790283e-01,5.270536541938781738e-01,6.678784489631652832e-01,3.879186511039733887e-01
2.964048087596893311e-01,8.621348440647125244e-02,-2.648465335369110107e-01,5.327734947204589844e-01,8.787678480148315430e-01,8.554219007492065430e-01,9.891960620880126953e-01,-6.271164864301681519e-02,-1.389836668968200684e-01,5.705098509788513184e-01,5.661432743072509766e-01,6.112364530563354492e-01,1.375658959150314331e-01,-4.943301081657409668e-01,3.168037533760070801e-01,-1.471984505653381348e+00,1.345474720001220703e+00,-1.020220756530761719e+00,0.000000000000000000e+00,-1.089090332388877869e-01,-2.551155090332031250e-01,-6.093644499778747559e-01,-3.793427348136901855e-01,3.121678829193115234e-01,1.655607521533966064e-01,-1.965841092169284821e-02,6.621364355087280273e-01,5.670289397239685059e-01,1.256745696067810059e+00,-2.905508875846862793e-01,3.376757502555847168e-01,5.259741544723510742e-01,-9.374564290046691895e-01,-1.244210362434387207e+00,-1.525193333625793457e+00,-1.420976638793945312e+00,-1.665919423103332520e-01,-4.040074646472930908e-01,0.000000000000000000e+00,3.609070777893066406e-01,-6.655200123786926270e-01,4.749077260494232178e-01
6.750832796096801758e-01,6.561133265495300293e-01,3.326896429061889648e-01,1.608384996652603149e-01,-9.637351632118225098e-01,-1.948086321353912354e-01,9.707871079444885254e-01,-4.447796940803527832e-01,-9.877584576606750488e-01,-6.294387578964233398e-01,3.628574907779693604e-01,1.185035347938537598e+00,8.453229665756225586e-01,1.659538745880126953e-01,5.626366138458251953e-01,3.600853979587554932e-01,-6.489415168762207031e-01,1.344721168279647827e-01,-7.202072143554687500e-01,-3.766981661319732666e-01,1.709001213312149048e-01,-2.057668715715408325e-01,3.971913158893585205e-01,-1.083768606185913086e+00,1.466006487607955933e-01,3.948487937450408936e-01,1.978875994682312012e+00,-3.702717646956443787e-02,8.685994744300842285e-01,6.690121293067932129e-01,8.006995916366577148e-02,8.174324631690979004e-01,-6.182639598846435547e-01,3.461046218872070312e-01,2.544623017311096191e-01,3.391139507293701172e-01,-5.899733901023864746e-01,2.453322410583496094e-01,1.260317862033843994e-01,-7.182683795690536499e-02,-2.896314859390258789e-01,4.647506475448608398e-01
-7.114195823669433594e-01,2.834925949573516846e-01,2.044317126274108887e-01,1.461395323276519775e-01,-9.686728566884994507e-02,-6.337401270866394043e-01,-7.362937927246093750e-02,-1.322044879198074341e-01,-5.233896970748901367e-01,-2.838940620422363281e-01,-3.471955955028533936e-01,8.990415930747985840e-02,2.755057513713836670e-01,-2.194439172744750977e-01,-4.533417522907257080e-01,1.377961277961730957e+00,-5.059890151023864746e-01,7.500415444374084473e-01,0.000000000000000000e+00,-9.071422815322875977e-01,-1.556193828582763672e+00,-1.278967499732971191e+00,-4.485811293125152588e-01,-5.447542667388916016e-01,-1.896256804466247559e+00,-2.347331047058105469e+00,-7.334989905357360840e-01,-2.312520891427993774e-01,7.323958873748779297e-01,9.212353825569152832e-02,7.204949259757995605e-01,9.894304275512695312e-01,-4.732115194201469421e-02,-5.062922835350036621e-01,-5.497479438781738281e-01,-3.368519842624664307e-01,1.295057684183120728e-01,5.872323513031005859e-01,0.000000000000000000e+00,2.704281508922576904e-01,-5.649086460471153259e-02,-4.447289109230041504e-01
-4.838444590568542480e-01,-1.801849603652954102e-01,1.026139706373214722e-01,-3.089910745620727539e-01,-3.954776525497436523e-01,-1.264250993728637695e+00,9.893503785133361816e-01,7.382186055183410645e-01,-1.491603493690490723e+00,-9.994184374809265137e-01,-5.098053216934204102e-01,-4.099152982234954834e-01,3.680049180984497070e-01,-1.468574285507202148e+00,-5.140563100576400757e-02,-6.586220860481262207e-01,-2.962989807128906250e-01,-3.514970541000366211e-01,0.000000000000000000e+00,-1.320251822471618652e-01,1.485841721296310425e-01,-8.935958147048950195e-01,-1.783262252807617188e+00,8.413266539573669434e-01,7.980434894561767578e-01,-1.124669194221496582e+00,-1.396135568618774414e+00,7.311331629753112793e-01,5.043699219822883606e-02,-1.782449483871459961e-01,-5.978628993034362793e-01,-3.196927607059478760e-01,-5.532349944114685059e-01,-1.505256414413452148e+00,-1.671119928359985352e+00,-1.536178708076477051e+00,5.258376598358154297e-01,-1.813043117523193359e+00,0.000000000000000000e+00,-1.834390461444854736e-01,-1.848677754402160645e+00,-1.924749970436096191e+00
1.071965992450714111e-01,1.127588748931884766e+00,7.705186009407043457e-01,-5.912097692489624023e-01,-3.529849648475646973e-01,-1.911951899528503418e+00,1.025327667593955994e-01,2.867392301559448242e+00,-6.316310912370681763e-02,-1.176342964172363281e+00,-2.447953701019287109e+00,-2.371403455734252930e+00,-3.899886831641197205e-02,-3.390151262283325195e-01,-4.275275766849517822e-01,-1.586737036705017090e-01,-5.628402233123779297e-01,-1.669335812330245972e-01,-1.159207582473754883e+00,-6.860554218292236328e-01,-6.428259015083312988e-01,-7.030082941055297852e-01,-7.140391469001770020e-01,-9.599265456199645996e-02,-1.687426447868347168e+00,-1.703774333000183105e+00,9.999148547649383545e-02,2.274935245513916016e-01,-9.973266124725341797e-01,3.602547943592071533e-01,-4.615630209445953369e-02,1.546135842800140381e-01,-1.012768864631652832e+00,-1.046146273612976074e+00,-4.411925971508026123e-01,-6.552543640136718750e-01,-8.854387998580932617e-01,8.902288675308227539e-01,1.437256038188934326e-01,5.526785850524902344e-01,1.091989278793334961e+00,9.387608617544174194e-02
3.886457979679107666e-01,5.719214677810668945e-01,7.339161634445190430e-01,6.979219913482666016e-01,-9.102258086204528809e-01,3.272561430931091309e-01,9.554540514945983887e-01,-3.938660621643066406e-01,-4.217796027660369873e-01,-3.126867115497589111e-01,-2.094229161739349365e-01,1.219749927520751953e+00,6.007876992225646973e-01,1.939207613468170166e-01,5.230194330215454102e-01,-9.847109913825988770e-01,-5.666610598564147949e-02,-1.176542639732360840e+00,2.828863263130187988e-01,-1.974032759666442871e+00,-8.322337865829467773e-01,-6.403985619544982910e-01,-1.263657450675964355e+00,-2.853586435317993164e+00,-8.754099607467651367e-01,-1.417741328477859497e-01,-5.916168689727783203e-01,-1.990591526031494141e+00,5.540522336959838867e-01,1.389850139617919922e+00,-7.064105272293090820e-01,1.093771219253540039e+00,-3.358808457851409912e-01,-3.209688067436218262e-01,-1.088258624076843262e+00,-7.247157692909240723e-01,-1.577820181846618652e-01,1.427369415760040283e-01,3.387047648429870605e-01,4.348073154687881470e-02,-2.675896584987640381e-01,-3.404831886291503906e-01
2.860420048236846924e-01,9.817961454391479492e-01,6.754160523414611816e-01,7.528167366981506348e-01,4.970853328704833984e-01,-5.062657594680786133e-01,-1.028788208961486816e+00,-3.660560846328735352e-01,9.920580387115478516e-01,1.665106058120727539e+00,1.557317256927490234e+00,7.936298847198486328e-01,4.269038736820220947e-01,1.889743089675903320e+00,-4.686852097511291504e-01,6.166136860847473145e-01,1.063301324844360352e+00,1.379307746887207031e+00,2.138020843267440796e-01,2.723175883293151855e-01,9.407245367765426636e-02,2.554013431072235107e-01,3.618102371692657471e-01,3.290866315364837646e-01,-1.273622512817382812e-01,-2.638766765594482422e-01,2.822630107402801514e-01,8.370310664176940918e-01,-7.298332452774047852e-02,-7.699016332626342773e-01,1.097579598426818848e+00,1.673672497272491455e-01,1.014995574951171875e+00,1.207323193550109863e+00,1.399250268936157227e+00,1.086277365684509277e+00,2.658692002296447754e-01,-1.281021535396575928e-01,2.703478932380676270e-01,-1.943864375352859497e-01,1.576439976692199707e+00,9.477799534797668457e-01
2.278014123439788818e-01,3.153090476989746094e-01,1.530514955520629883e-01,0.000000000000000000e+00,-2.366152703762054443e-01,4.051542840898036957e-03,4.212129414081573486e-01,-7.222680002450942993e-02,-7.782178521156311035e-01,4.324026107788085938e-01,3.771321177482604980e-01,4.431715607643127441e-01,-2.492733597755432129e-01,-1.878834664821624756e-01,8.438191413879394531e-01,-3.842673897743225098e-01,1.907597482204437256e-02,-3.132736086845397949e-01,-8.407015800476074219e-01,9.824758172035217285e-01,9.132261276245117188e-01,5.881128311157226562e-01,5.760357379913330078e-01,8.631533980369567871e-01,4.010225832462310791e-01,5.883999466896057129e-01,1.070839017629623413e-01,5.234371423721313477e-01,-2.468766272068023682e-01,-3.318046331405639648e-01,4.318849444389343262e-01,-8.601370453834533691e-02,-4.958413541316986084e-01,3.265029191970825195e-01,1.705144196748733521e-01,-2.859322428703308105e-01,1.666980385780334473e+00,2.072309851646423340e-01,0.000000000000000000e+00,6.896565109491348267e-02,-1.025790348649024963e-02,-8.062500357627868652e-01
3.085644245147705078e-01,4.776560962200164795e-01,2.984038293361663818e-01,1.880719065666198730e-01,-1.429203391075134277e+00,-7.631408572196960449e-01,1.138917684555053711e+00,8.063333630561828613e-01,-7.330247759819030762e-01,-3.397233784198760986e-01,2.479187399148941040e-02,1.902131557464599609e+00,1.329745531082153320e+00,-5.777798220515251160e-02,1.751939058303833008e-01,7.927837222814559937e-02,2.284339517354965210e-01,1.292769517749547958e-02,0.000000000000000000e+00,-7.613956183195114136e-02,-6.003994494676589966e-02,2.628484368324279785e-01,-6.899837404489517212e-02,-3.836863040924072266e-01,-2.701889872550964355e-01,-4.665403962135314941e-01,-7.877323627471923828e-01,4.332465305924415588e-02,2.717194557189941406e-01,6.027612686157226562e-01,7.098689675331115723e-01,7.175744771957397461e-01,-3.252172768115997314e-01,0.000000000000000000e+00,-1.439614146947860718e-01,-3.090714216232299805e-01,-2.722716093063354492e+00,4.736068248748779297e-01,0.000000000000000000e+00,6.721176505088806152e-01,5.177616477012634277e-01,4.089325070381164551e-01
7.827003002166748047e-01,-8.269451260566711426e-01,2.093434482812881470e-01,4.323424994945526123e-01,7.470203638076782227e-01,-6.945512294769287109e-01,-1.295409500598907471e-01,-1.055304646492004395e+00,-4.297799989581108093e-02,1.088486433029174805e+00,1.030093669891357422e+00,4.109247028827667236e-01,-4.974179863929748535e-01,2.754982709884643555e-01,-7.713517546653747559e-02,1.724250912666320801e-01,-5.873289704322814941e-01,-3.622825741767883301e-01,-3.828227221965789795e-01,2.648946344852447510e-01,-3.907083570957183838e-01,6.524320840835571289e-01,2.852854728698730469e-01,7.788290977478027344e-01,-5.762785673141479492e-01,-9.653935432434082031e-01,-7.415281534194946289e-01,8.751972913742065430e-01,-4.046815931797027588e-01,-1.189659357070922852e+00,1.977959424257278442e-01,-1.031124368309974670e-01,1.279006719589233398e+00,1.215055227279663086e+00,3.711169064044952393e-01,9.353232979774475098e-01,-1.018362566828727722e-01,-5.631563663482666016e-01,2.226419560611248016e-02,-1.334296703338623047e+00,-3.099327385425567627e-01,6.532736420631408691e-01
2.273613512516021729e-01,-2.478461265563964844e+00,-8.443644046783447266e-01,2.683902084827423096e-01,1.569946885108947754e+00,-8.766289800405502319e-02,-2.084854602813720703e+00,-1.852538347244262695e+00,4.740855395793914795e-01,1.735617756843566895e+00,2.003810256719589233e-01,-1.103404879570007324e+00,-1.664479017257690430e+00,6.918352246284484863e-01,-4.986174404621124268e-01,-8.055583834648132324e-01,9.949821829795837402e-01,-3.179748058319091797e-01,0.000000000000000000e+00,2.402720302343368530e-01,2.227058559656143188e-01,-2.312733046710491180e-02,-1.139923095703125000e+00,-9.196382015943527222e-02,5.914930701255798340e-01,1.043880134820938110e-01,-1.607676267623901367e+00,-6.929036695510149002e-03,6.411734223365783691e-01,-6.417815387248992920e-02,3.937227129936218262e-01,9.993993490934371948e-02,1.393389850854873657e-01,-5.941072478890419006e-02,-3.322122991085052490e-01,-6.725252866744995117e-01,3.188371360301971436e-01,-1.584536433219909668e-01,0.000000000000000000e+00,-3.460682034492492676e-01,3.275126218795776367e-01,1.046489000320434570e+00
5.836206078529357910e-01,2.429443299770355225e-01,3.428144752979278564e-01,3.747520744800567627e-01,1.199407935142517090e+00,1.055966973304748535e+00,2.820195853710174561e-01,-8.094708919525146484e-01,1.298533797264099121e+00,7.961027026176452637e-01,5.218715071678161621e-01,3.025188148021697998e-01,-1.361135244369506836e+00,5.843954086303710938e-01,3.024090640246868134e-02,-2.277756631374359131e-01,3.716182708740234375e-01,3.491702377796173096e-01,3.355930745601654053e-01,1.160510659217834473e+00,1.138962745666503906e+00,9.438607692718505859e-01,2.347891092300415039e+00,1.135780215263366699e+00,6.728568673133850098e-01,-4.369807541370391846e-01,-3.800889849662780762e-01,1.048524141311645508e+00,2.327918261289596558e-01,-1.324646949768066406e+00,3.764824569225311279e-01,-8.678954839706420898e-02,6.121878623962402344e-01,9.090339541435241699e-01,1.754800230264663696e-01,3.197037279605865479e-01,1.221727252006530762e+00,3.571326434612274170e-01,2.305512875318527222e-01,7.325226068496704102e-01,-5.976718664169311523e-01,2.696974575519561768e-01
2.641221880912780762e-01,1.796540260314941406e+00,6.515877246856689453e-01,4.396120905876159668e-01,-7.389666438102722168e-01,7.960969805717468262e-01,9.576276540756225586e-01,1.398093849420547485e-01,-1.754973888397216797e+00,9.139396995306015015e-02,1.120684266090393066e+00,1.383005380630493164e+00,6.080906987190246582e-01,-5.946998000144958496e-01,-9.074396491050720215e-01,2.755537271499633789e+00,-1.701370835304260254e+00,2.989191055297851562e+00,0.000000000000000000e+00,-1.794017255306243896e-01,8.789296746253967285e-01,8.881708979606628418e-01,1.633118987083435059e-01,-9.329615831375122070e-01,1.318605303764343262e+00,1.536506175994873047e+00,1.776793897151947021e-01,-2.227822303771972656e+00,-2.014884799718856812e-01,1.492448806762695312e+00,-1.730557799339294434e+00,-1.063807606697082520e+00,3.093744993209838867e+00,0.000000000000000000e+00,3.624964714050292969e+00,2.383708477020263672e+00,-4.867013990879058838e-01,1.076195478439331055e+00,0.000000000000000000e+00,1.970837712287902832e-01,6.133996844291687012e-01,4.227088391780853271e-01
